{"GaugeMetrics":{"Alloc":2099856,"BuckHashSys":6453,"Frees":153761,"GCCPUFraction":0.0000023914621453073913,"GCSys":7039648,"HeapAlloc":2099856,"HeapIdle":3956736,"HeapInuse":3448832,"HeapObjects":11341,"HeapReleased":2555904,"HeapSys":7405568,"LastGC":1674485890194387500,"Lookups":0,"MCacheInuse":18688,"MCacheSys":32704,"MSpanInuse":196112,"MSpanSys":212160,"Mallocs":165102,"NextGC":4194304,"NumForcedGC":0,"NumGC":10,"OtherSys":2990619,"PauseTotalNs":0,"RandomValue":0.3922161831540248,"StackInuse":5177344,"StackSys":5177344,"Sys":22864496,"TotalAlloc":26310872},"CounterMetrics":{"PollCount":2175}}
